{
  "test/integration/pages/RisksList-dbg.js": 1708879741055,
  "test/integration/pages/RisksObjectPage.js": 1708879741055,
  "test/integration/pages/RisksList.js": 1708879741055,
  "test/integration/opaTests.qunit.js": 1708879740971,
  "test/integration/FirstJourney.js": 1708879741111,
  "test/testsuite.qunit.js": 1708879740915,
  "xs-app.json": 1708950583928,
  "manifest.json": 1708950584008,
  "Component.js": 1708879740811,
  "test/testsuite.qunit-dbg.js": 1708879740915,
  "test/testsuite.qunit.js.map": 1708950601845,
  "i18n/i18n.properties": 1708879820337,
  "test/integration/pages/RisksList.js.map": 1708950601814,
  "test/integration/opaTests.qunit-dbg.js": 1708879740971,
  "test/integration/opaTests.qunit.js.map": 1708950601839,
  "test/integration/FirstJourney-dbg.js": 1708879741111,
  "test/integration/FirstJourney.js.map": 1708950601839,
  "test/integration/pages/RisksObjectPage-dbg.js": 1708879741055,
  "test/integration/pages/RisksObjectPage.js.map": 1708950601817,
  "Component-dbg.js": 1708879740811,
  "Component.js.map": 1708950601825,
  "Component-preload.js": 1708950601959,
  "Component-preload.js.map": 1708950601959,
  "test/integration/opaTests.qunit.html": 1708879740939,
  "test/testsuite.qunit.html": 1708879740903,
  "test/flpSandbox.html": 1708879740887,
  "index.html": 1708879740811
}